[
    {
        "name": "abuhasnat",
        "email": "19-39734-1@student.aiub.edu",
        "gender": "male",
        "birthday": "2021-03-30",
        "phonenumber": "01920962520",
        "otp": "619484",
        "presentAddress": "DHAKA",
        "permanentAddress": "GULSHAN",
        "ssc": "4.75",
        "hsc": "4.75",
        "cgpa": "3.75"
    },
    
    
    {
        "name": "abuhasnat",
        "email": "chahad3340301@gmail.com",
        "gender": "male",
        "birthday": "2021-04-21",
        "phonenumber": "01920962520",
        "otp": "619484",
        "presentAddress": "DHaka ",
        "permanentAddress": "Narayanganj",
        "ssc": "3.90",
        "hsc": "4.75",
        "cgpa": "3.90"
    }
]