[{"name":"Mr. X","e-mail":"nooresha81@gmail.com","username":"","gender":"male","dob":"2021-06-17"},{"name":"Mr. X","e-mail":"nooresha81@gmail.com","username":"","gender":"male","dob":"2021-06-17"},{"name":"Mr. X","e-mail":"nooresha81@gmail.com","username":"","gender":"male","dob":"2021-06-17"},{"name":"nooresha","e-mail":"fasdf@fdsg.com","username":"dfszg","gender":"female","dob":"2021-06-23"},{"name":"nooresha","e-mail":"fasdf@fdsg.com","username":"dfszg","gender":"female","dob":"2021-06-23"},{"name":"nooresha","e-mail":"nooresha81@gmail.com","username":"hello","gender":"female","dob":"2021-06-03"},{"name":"nooresha","e-mail":"nooresha81@gmail.com","username":"hello","gender":"male","dob":"2021-06-17"},{"name":"nooresha","e-mail":"nooresha81@gmail.com","username":"hello","gender":"male","dob":"2021-06-17"},{"name":"nooresha","e-mail":"nooresha81@gmail.com","username":"hello","gender":"male","dob":"2021-06-17"}]