[
    {
        "name": "nooresha",
        "email": "nooresha81@gmail.com",
        "birthday": "1999-03-02",
        "phonenumber": "01781666007",
        "otp": "987637",
        "presentAddress": "Lalmaita,5\/b",
        "permanentAddress": "Shariotput"
    },
    {
        "name": "nooresha",
        "email": "nooresha81@gmail.com",
        "birthday": "1999-03-02",
        "phonenumber": "01781666007",
        "otp": "987637",
        "presentAddress": "Lalmaita,5\/b",
        "permanentAddress": "Shariotput"
    }
]