
<CATALOG>
<CD>
<NAME> Tanvir</NAME>
<ID>001</ID>
<EMAIL>ABC@gmail.com</EMAIL>
<CGPA>3.7</CGPA>
<PHONE>984627827</PHONE>
<ADDRESS>Dhaka</ADDRESS>
</CD>

<CD>
<NAME> Esha</NAME>
<ID>002</ID>
<EMAIL>ABCE@gmail.com</EMAIL>
<CGPA>3.8</CGPA>
<PHONE>988427827</PHONE>
<ADDRESS>Dhaka</ADDRESS>
</CD>




<CD>
<NAME> Tania</NAME>
<ID>003</ID>
<EMAIL>ABWC@gmail.com</EMAIL>
<CGPA>3.7</CGPA>
<PHONE>984007827</PHONE>
<ADDRESS>Dhaka</ADDRESS>
</CD>


<CD>
<NAME> Ayesha</NAME>
<ID>004</ID>
<EMAIL>ABWQC@gmail.com</EMAIL>
<CGPA>3.7</CGPA>
<PHONE>984627827</PHONE>
<ADDRESS>Dhaka</ADDRESS>
</CD>


<CD>
<NAME> Ayash</NAME>
<ID>005</ID>
<EMAIL>AQC@gmail.com</EMAIL>
<CGPA>3.7</CGPA>
<PHONE>874627827</PHONE>
<ADDRESS>Dhaka</ADDRESS>
</CD>
</CATALOG>